{
  "enabled": true,
  "fuzzy_output_dir": "D:\\4.正泰新能-银浆单耗\\dynamic_strategy_flow_V1\\sample_delta_outputs_20260331_170026\\fuzzy_control_outputs",
  "latest_time": "2025-12-31 20:13:13",
  "latest_scene": "刮刀高度_上=30.300-30.400 | 刮刀高度_下=34.300-34.400 | 墨刀高度_上=32.300 | 墨刀高度_下=37.200 | life=网版寿命=269146-549027",
  "current_wet_weight": 29.3,
  "target_wet_weight": 28.616500000000002,
  "required_reduction": 0.6834999999999987,
  "fuzzy_control": {
    "inputs": {
      "current_wet_weight": 29.3,
      "target_wet_weight": 28.616500000000002,
      "error": 0.6834999999999987,
      "error_rate": 0.6000000000000014,
      "recent_sigma": 0.6998015591738999,
      "scene_risk": 0.4015416298841069,
      "base_intensity": 0.7731327806828288,
      "joint_model_r2": 0.2699243093016238,
      "joint_samples": 39,
      "error_ref": 0.6102708870293219,
      "sigma_ref": 0.6102708870293219,
      "large_error": 0.5599972196995515,
      "recovering": 0.0,
      "upward_trend": 0.9831699541177246,
      "high_vol": 1.0,
      "high_intensity": 1.0
    },
    "outputs": {
      "overall_adjust_scale": 0.7769867366533256,
      "stability_bias": 0.6303083259768214,
      "per_param_gain": {
        "印刷压力": 1.0418592261267017,
        "印刷高度偏移": 0.9764079417795136,
        "刮刀高度偏移": 0.8929641620782913
      }
    },
    "rules": [
      "误差偏大且湿重仍在上升，适度放大主导参数动作。",
      "近期波动偏高，整体降权并增加稳态偏置。"
    ]
  },
  "rule_trace_csv": "D:\\4.正泰新能-银浆单耗\\dynamic_strategy_flow_V1\\sample_delta_outputs_20260331_170026\\fuzzy_control_outputs\\fuzzy_rule_trace.csv",
  "latest_adjustment_plan_json": "D:\\4.正泰新能-银浆单耗\\dynamic_strategy_flow_V1\\sample_delta_outputs_20260331_170026\\fuzzy_control_outputs\\fuzzy_latest_adjustment_plan.json",
  "visualizations": {
    "fuzzy_contribution_waterfall": "D:\\4.正泰新能-银浆单耗\\dynamic_strategy_flow_V1\\sample_delta_outputs_20260331_170026\\fuzzy_control_outputs\\fuzzy_contribution_waterfall.png",
    "fuzzy_dashboard": "D:\\4.正泰新能-银浆单耗\\dynamic_strategy_flow_V1\\sample_delta_outputs_20260331_170026\\fuzzy_control_outputs\\fuzzy_dashboard.png"
  },
  "backtest": {
    "enabled": true,
    "test_ratio": 0.1,
    "total_samples": 1011,
    "test_samples": 102,
    "evaluated_steps": 101,
    "actionable_steps": 101,
    "recommendation_coverage": 1.0,
    "direction_hit_rate": 0.43564356435643564,
    "direction_hit_rate_noisy": 0.3564356435643564,
    "avg_required_reduction": 0.566264919300271,
    "avg_expected_reduction": 0.5112080460644844,
    "avg_noisy_expected_reduction": 0.4502565689473662,
    "avg_actual_next_reduction": -0.006930693069306924,
    "avg_predicted_next_wet_weight": 28.577900864826606,
    "avg_noisy_predicted_next_wet_weight": 28.638852341943725,
    "avg_actual_next_wet_weight": 29.096039603960396,
    "mean_abs_error": 0.7899192808033805,
    "mean_noisy_abs_error": 0.8935239411880914,
    "wet_value_summary": {
      "当前湿重": {
        "mean": 29.089108910891085,
        "var": 0.5595843544750513,
        "sum": 2937.9999999999995
      },
      "带扰动预计下一步湿重": {
        "mean": 28.638852341943725,
        "var": 0.5897791610059334,
        "sum": 2892.524086536316
      },
      "预计下一步湿重": {
        "mean": 28.577900864826606,
        "var": 0.3226532932082527,
        "sum": 2886.367987347487
      },
      "目标湿重": {
        "mean": 28.64810958011033,
        "var": 0.01445911253160595,
        "sum": 2893.459067591143
      }
    },
    "noise_scale": 1.0,
    "noise_seed": 42,
    "details_csv": "D:\\4.正泰新能-银浆单耗\\dynamic_strategy_flow_V1\\sample_delta_outputs_20260331_170026\\fuzzy_control_outputs\\fuzzy_backtest_details.csv",
    "visualizations": {
      "timeline": "D:\\4.正泰新能-银浆单耗\\dynamic_strategy_flow_V1\\sample_delta_outputs_20260331_170026\\fuzzy_control_outputs\\fuzzy_backtest_timeline.png",
      "expected_vs_actual": "D:\\4.正泰新能-银浆单耗\\dynamic_strategy_flow_V1\\sample_delta_outputs_20260331_170026\\fuzzy_control_outputs\\fuzzy_backtest_expected_vs_actual.png"
    }
  }
}