{
  "enabled": true,
  "test_ratio": 0.1,
  "total_samples": 1011,
  "test_samples": 102,
  "evaluated_steps": 101,
  "actionable_steps": 101,
  "recommendation_coverage": 1.0,
  "direction_hit_rate": 0.43564356435643564,
  "direction_hit_rate_noisy": 0.3564356435643564,
  "avg_required_reduction": 0.566264919300271,
  "avg_expected_reduction": 0.5112080460644844,
  "avg_noisy_expected_reduction": 0.4502565689473662,
  "avg_actual_next_reduction": -0.006930693069306924,
  "avg_predicted_next_wet_weight": 28.577900864826606,
  "avg_noisy_predicted_next_wet_weight": 28.638852341943725,
  "avg_actual_next_wet_weight": 29.096039603960396,
  "mean_abs_error": 0.7899192808033805,
  "mean_noisy_abs_error": 0.8935239411880914,
  "wet_value_summary": {
    "当前湿重": {
      "mean": 29.089108910891085,
      "var": 0.5595843544750513,
      "sum": 2937.9999999999995
    },
    "带扰动预计下一步湿重": {
      "mean": 28.638852341943725,
      "var": 0.5897791610059334,
      "sum": 2892.524086536316
    },
    "预计下一步湿重": {
      "mean": 28.577900864826606,
      "var": 0.3226532932082527,
      "sum": 2886.367987347487
    },
    "目标湿重": {
      "mean": 28.64810958011033,
      "var": 0.01445911253160595,
      "sum": 2893.459067591143
    }
  },
  "noise_scale": 1.0,
  "noise_seed": 42,
  "details_csv": "D:\\4.正泰新能-银浆单耗\\dynamic_strategy_flow_V1\\sample_delta_outputs_20260331_170026\\fuzzy_control_outputs\\fuzzy_backtest_details.csv",
  "visualizations": {
    "timeline": "D:\\4.正泰新能-银浆单耗\\dynamic_strategy_flow_V1\\sample_delta_outputs_20260331_170026\\fuzzy_control_outputs\\fuzzy_backtest_timeline.png",
    "expected_vs_actual": "D:\\4.正泰新能-银浆单耗\\dynamic_strategy_flow_V1\\sample_delta_outputs_20260331_170026\\fuzzy_control_outputs\\fuzzy_backtest_expected_vs_actual.png"
  }
}