{
  "enabled": true,
  "test_ratio": 0.1,
  "total_samples": 1011,
  "test_samples": 102,
  "evaluated_steps": 101,
  "actionable_steps": 101,
  "recommendation_coverage": 1.0,
  "direction_hit_rate": 0.43564356435643564,
  "direction_hit_rate_noisy": 0.38613861386138615,
  "avg_required_reduction": 0.2703465346534655,
  "avg_expected_reduction": 1.1437457745828998,
  "avg_noisy_expected_reduction": 1.0689759394683636,
  "avg_actual_next_reduction": -0.006930693069306924,
  "avg_predicted_next_wet_weight": 27.945363136308185,
  "avg_noisy_predicted_next_wet_weight": 28.020132971422722,
  "avg_actual_next_wet_weight": 29.096039603960396,
  "mean_abs_error": 1.3464172793739624,
  "mean_noisy_abs_error": 1.3893702919342934,
  "wet_value_summary": {
    "当前湿重": {
      "mean": 29.089108910891085,
      "var": 0.5595843544750513,
      "sum": 2937.9999999999995
    },
    "带扰动预计下一步湿重": {
      "mean": 28.020132971422722,
      "var": 1.3636231833601722,
      "sum": 2830.033430113695
    },
    "预计下一步湿重": {
      "mean": 27.945363136308185,
      "var": 1.100987587847661,
      "sum": 2822.481676767127
    },
    "目标湿重": {
      "mean": 29.08891089108911,
      "var": 0.030793863346730736,
      "sum": 2937.98
    }
  },
  "noise_scale": 1.0,
  "noise_seed": 42,
  "details_csv": "D:\\4.正泰新能-银浆单耗\\dynamic_strategy_flow_V1\\sample_delta_outputs_20260331_093057\\backtest_last_10pct_details.csv",
  "visualizations": {
    "timeline": "D:\\4.正泰新能-银浆单耗\\dynamic_strategy_flow_V1\\sample_delta_outputs_20260331_093057\\backtest_timeline.png",
    "expected_vs_actual": "D:\\4.正泰新能-银浆单耗\\dynamic_strategy_flow_V1\\sample_delta_outputs_20260331_093057\\backtest_expected_vs_actual.png"
  }
}