{
  "latest_time": "2025-12-31 20:13:13",
  "latest_scene": "刮刀高度_上=30.300-30.400 | 刮刀高度_下=34.300-34.400 | 墨刀高度_上=32.300 | 墨刀高度_下=37.200 | life=30-40万",
  "latest_coarse_scene": "刮刀高度_上=30.300-30.400 | 刮刀高度_下=34.300-34.400 | 墨刀高度_上=32.300 | 墨刀高度_下=37.200",
  "current_wet_weight": 29.3,
  "target_wet_weight": 28.919999999999998,
  "required_reduction": 0.38000000000000256,
  "joint_recommendation": {
    "结论来源场景": "刮刀高度_上=30.300-30.400 | 刮刀高度_下=34.300-34.400 | 墨刀高度_上=32.300 | 墨刀高度_下=37.200 | life=30-40万",
    "joint_samples": 15,
    "joint_model_r2": 0.43151030751480324,
    "required_reduction": 0.38000000000000256,
    "scale_factor": 0.5,
    "use_weighted_scale": true,
    "joint_weights": {
      "印刷压力": 1.0,
      "印刷高度偏移": 1.0,
      "刮刀高度偏移": 1.0
    },
    "预计总降幅(线性近似)": 0.6236839364505794,
    "组合调参": [
      {
        "参数": "印刷压力",
        "当前值": 60.0,
        "建议方向": "减小",
        "基础步长": 9.0,
        "线性系数": 0.05140047394974187,
        "单步预计降幅(线性近似)": 0.46260426554767686,
        "参数权重": 1.0,
        "加权后建议变化量": 4.5,
        "加权后建议新值": 55.5,
        "建议变化量": 4.5,
        "建议新值": 55.5,
        "预计降幅贡献(线性近似)": 0.23130213277383843
      },
      {
        "参数": "印刷高度偏移",
        "当前值": 2.4,
        "建议方向": "保持",
        "基础步长": 0.0,
        "线性系数": 0.005898448425743712,
        "单步预计降幅(线性近似)": 0.0,
        "参数权重": 1.0,
        "加权后建议变化量": 0.0,
        "加权后建议新值": 2.4,
        "建议变化量": 0.0,
        "建议新值": 2.4,
        "预计降幅贡献(线性近似)": 0.0
      },
      {
        "参数": "刮刀高度偏移",
        "当前值": 1.3,
        "建议方向": "减小",
        "基础步长": 0.21000000000000008,
        "线性系数": 3.736969558826103,
        "单步预计降幅(线性近似)": 0.7847636073534819,
        "参数权重": 1.0,
        "加权后建议变化量": 0.10500000000000004,
        "加权后建议新值": 1.195,
        "建议变化量": 0.10500000000000004,
        "建议新值": 1.195,
        "预计降幅贡献(线性近似)": 0.39238180367674097
      }
    ]
  },
  "recommendations": [
    {
      "参数": "印刷压力",
      "当前值": 60.0,
      "建议方向": "减小",
      "建议变化量": 9.0,
      "建议新值": 51.0,
      "基于历史斜率预计降幅": 0.7148351648351647,
      "历史单位斜率": 0.07942612942612942,
      "样本数": 13,
      "结论来源场景": "刮刀高度_上=30.300-30.400 | 刮刀高度_下=34.300-34.400 | 墨刀高度_上=32.300 | 墨刀高度_下=37.200 | life=30-40万"
    }
  ]
}