{
  "latest_time": "2025-12-31 20:13:13",
  "latest_scene": "刮刀高度_上=30.500 | 刮刀高度_下=34.500 | 墨刀高度_上=32.500 | 墨刀高度_下=37.000 | life=30-40万",
  "latest_coarse_scene": "刮刀高度_上=30.500 | 刮刀高度_下=34.500 | 墨刀高度_上=32.500 | 墨刀高度_下=37.000",
  "current_wet_weight": 29.3,
  "target_wet_weight": 28.4415,
  "target_wet_stable": 28.65,
  "target_wet_trend": 28.18666666666667,
  "target_wet_final": 28.4415,
  "target_alpha": 0.55,
  "target_recent_vol": 0.7766658718800572,
  "target_recent_count": 27,
  "target_method": "dual_target",
  "required_reduction": 0.8584999999999994,
  "joint_recommendation": {
    "结论来源场景": "刮刀高度_上=30.500 | 刮刀高度_下=34.500 | 墨刀高度_上=32.500 | 墨刀高度_下=37.000 | life=30-40万",
    "joint_samples": 15,
    "joint_model_r2": 0.43151030751480324,
    "required_reduction": 0.8584999999999994,
    "scale_factor": 0.6882492475962837,
    "use_weighted_scale": true,
    "weight_mode": "dynamic",
    "weight_source": "scene_fine_key",
    "configured_joint_weights": {
      "印刷压力": 1.0,
      "印刷高度偏移": 1.0,
      "刮刀高度偏移": 1.0
    },
    "joint_weights": {
      "印刷压力": 1.4,
      "印刷高度偏移": 0.6,
      "刮刀高度偏移": 0.864922046104726
    },
    "预计总降幅(线性近似)": 0.9128974612591407,
    "组合调参": [
      {
        "参数": "印刷压力",
        "当前值": 60.0,
        "建议方向": "减小",
        "基础步长": 9.0,
        "线性系数": 0.05140047394974187,
        "单步预计降幅(线性近似)": 0.46260426554767686,
        "参数权重": 1.4,
        "权重来源": "scene_fine_key",
        "effect_score": 0.46260426554767686,
        "confidence_score": 0.3322860403172369,
        "hit_score": 0.9333333333333333,
        "room_score": 1.2,
        "stability_score": 0.7217419520295985,
        "加权后建议变化量": 8.671940519713175,
        "加权后建议新值": 51.328059480286825,
        "建议变化量": 8.671940519713175,
        "建议新值": 51.328059480286825,
        "预计降幅贡献(线性近似)": 0.445741852777228
      },
      {
        "参数": "印刷高度偏移",
        "当前值": 2.4,
        "建议方向": "保持",
        "基础步长": 0.0,
        "线性系数": 0.005898448425743712,
        "单步预计降幅(线性近似)": 0.0,
        "参数权重": 0.6,
        "权重来源": "scene_fine_key",
        "effect_score": 0.0,
        "confidence_score": 0.0,
        "hit_score": 0.75,
        "room_score": 1.0,
        "stability_score": 1.0,
        "加权后建议变化量": 0.0,
        "加权后建议新值": 2.4,
        "建议变化量": 0.0,
        "建议新值": 2.4,
        "预计降幅贡献(线性近似)": 0.0
      },
      {
        "参数": "刮刀高度偏移",
        "当前值": 1.3,
        "建议方向": "减小",
        "基础步长": 0.21000000000000008,
        "线性系数": 3.736969558826103,
        "单步预计降幅(线性近似)": 0.7847636073534819,
        "参数权重": 0.864922046104726,
        "权重来源": "scene_fine_key",
        "effect_score": 0.7847636073534819,
        "confidence_score": 0.12456629610088492,
        "hit_score": 0.75,
        "room_score": 1.2,
        "stability_score": 0.5721409297406845,
        "加权后建议变化量": 0.1250092089668134,
        "加权后建议新值": 1.1749907910331867,
        "建议变化量": 0.1250092089668134,
        "建议新值": 1.1749907910331867,
        "预计降幅贡献(线性近似)": 0.46715560848191273
      }
    ]
  },
  "recommendations": [
    {
      "参数": "印刷压力",
      "当前值": 60.0,
      "建议方向": "减小",
      "建议变化量": 10.808785549577241,
      "建议新值": 49.19121445042276,
      "基于历史斜率预计降幅": 0.8584999999999993,
      "历史单位斜率": 0.07942612942612942,
      "样本数": 13,
      "结论来源场景": "刮刀高度_上=30.500 | 刮刀高度_下=34.500 | 墨刀高度_上=32.500 | 墨刀高度_下=37.000 | life=30-40万"
    }
  ]
}