{
  "latest_time": "2025-12-31 20:13:13",
  "latest_scene": "刮刀高度_上=30.300-30.400 | 刮刀高度_下=34.300-34.400 | 墨刀高度_上=32.300 | 墨刀高度_下=37.200 | life=网版寿命=269146-549027",
  "latest_coarse_scene": "刮刀高度_上=30.300-30.400 | 刮刀高度_下=34.300-34.400 | 墨刀高度_上=32.300 | 墨刀高度_下=37.200",
  "current_wet_weight": 29.3,
  "target_wet_weight": 28.616500000000002,
  "target_wet_stable": 28.9,
  "target_wet_trend": 28.270000000000003,
  "target_wet_final": 28.616500000000002,
  "target_alpha": 0.55,
  "target_recent_vol": 0.6904538584237504,
  "target_recent_count": 70,
  "target_method": "dual_target",
  "required_reduction": 0.6834999999999987,
  "joint_recommendation": {
    "结论来源场景": "刮刀高度_上=30.300-30.400 | 刮刀高度_下=34.300-34.400 | 墨刀高度_上=32.300 | 墨刀高度_下=37.200 | life=网版寿命=269146-549027",
    "joint_samples": 39,
    "joint_model_r2": 0.2699243093016238,
    "required_reduction": 0.6834999999999987,
    "scale_factor": 1.6640198684703926,
    "use_weighted_scale": true,
    "weight_mode": "dynamic",
    "weight_source": "scene_fine_key",
    "configured_joint_weights": {
      "印刷压力": 1.0,
      "印刷高度偏移": 1.0,
      "刮刀高度偏移": 1.0
    },
    "joint_weights": {
      "印刷压力": 1.4,
      "印刷高度偏移": 0.6,
      "刮刀高度偏移": 0.6003018694290739
    },
    "预计总降幅(线性近似)": 0.6099003399486738,
    "组合调参": [
      {
        "参数": "印刷压力",
        "当前值": 60.0,
        "建议方向": "减小",
        "基础步长": 8.0,
        "线性系数": 0.03408194472811568,
        "单步预计降幅(线性近似)": 0.27265555782492545,
        "参数权重": 1.4,
        "权重来源": "scene_fine_key",
        "effect_score": 0.27265555782492545,
        "confidence_score": 0.1732563724082761,
        "hit_score": 0.875,
        "room_score": 1.2,
        "stability_score": 0.6274872769214754,
        "加权后建议变化量": 18.637022526868396,
        "加权后建议新值": 41.36297747313161,
        "建议变化量": 15.086871018331612,
        "建议新值": 44.913128981668386,
        "预计降幅贡献(线性近似)": 0.5141899041669884,
        "原始建议变化量": 18.637022526868396,
        "原始预计降幅贡献(线性近似)": 0.6351859716573756,
        "fuzzy_scale_factor": 0.7769867366533256,
        "fuzzy_param_gain": 1.0418592261267017
      },
      {
        "参数": "印刷高度偏移",
        "当前值": 2.4,
        "建议方向": "保持",
        "基础步长": 0.0,
        "线性系数": 0.027804224298519545,
        "单步预计降幅(线性近似)": 0.0,
        "参数权重": 0.6,
        "权重来源": "scene_fine_key",
        "effect_score": 0.0,
        "confidence_score": 0.0,
        "hit_score": 0.75,
        "room_score": 1.0,
        "stability_score": 1.0,
        "加权后建议变化量": 0.0,
        "加权后建议新值": 2.4,
        "建议变化量": 0.0,
        "建议新值": 2.4,
        "预计降幅贡献(线性近似)": 0.0,
        "原始建议变化量": 0.0,
        "原始预计降幅贡献(线性近似)": 0.0,
        "fuzzy_scale_factor": 0.7769867366533256,
        "fuzzy_param_gain": 0.9764079417795136
      },
      {
        "参数": "刮刀高度偏移",
        "当前值": 1.3,
        "建议方向": "减小",
        "基础步长": 0.16999999999999993,
        "线性系数": 0.8123338191433502,
        "单步预计降幅(线性近似)": 0.1380967492543695,
        "参数权重": 0.6003018694290739,
        "权重来源": "scene_fine_key",
        "effect_score": 0.1380967492543695,
        "confidence_score": 0.14972706733557017,
        "hit_score": 0.8333333333333333,
        "room_score": 1.2,
        "stability_score": 0.37655386020064574,
        "加权后建议变化量": 0.16981542042768266,
        "加权后建议新值": 1.1301845795723173,
        "建议变化量": 0.11782155750036004,
        "建议新值": 1.18217844249964,
        "预计降幅贡献(线性近似)": 0.09571043578168534,
        "原始建议变化量": 0.16981542042768266,
        "原始预计降幅贡献(线性近似)": 0.13794680902545317,
        "fuzzy_scale_factor": 0.7769867366533256,
        "fuzzy_param_gain": 0.8929641620782913
      }
    ],
    "original_expected_total_reduction": 0.7731327806828288,
    "fuzzy_control_enabled": true,
    "fuzzy_overall_adjust_scale": 0.7769867366533256,
    "fuzzy_stability_bias": 0.6303083259768214
  },
  "recommendations": [
    {
      "参数": "印刷压力",
      "当前值": 60.0,
      "建议方向": "减小",
      "建议变化量": 11.333151202244832,
      "建议新值": 48.666848797755165,
      "基于历史斜率预计降幅": 0.3790159548232216,
      "历史单位斜率": 0.03344312169312163,
      "样本数": 30,
      "结论来源场景": "刮刀高度_上=30.300-30.400 | 刮刀高度_下=34.300-34.400 | 墨刀高度_上=32.300 | 墨刀高度_下=37.200 | life=网版寿命=269146-549027",
      "原始建议变化量": 14.0,
      "fuzzy_scale_factor": 0.7769867366533256,
      "fuzzy_param_gain": 1.0418592261267017
    }
  ],
  "fuzzy_control": {
    "inputs": {
      "current_wet_weight": 29.3,
      "target_wet_weight": 28.616500000000002,
      "error": 0.6834999999999987,
      "error_rate": 0.6000000000000014,
      "recent_sigma": 0.6998015591738999,
      "scene_risk": 0.4015416298841069,
      "base_intensity": 0.7731327806828288,
      "joint_model_r2": 0.2699243093016238,
      "joint_samples": 39,
      "error_ref": 0.6102708870293219,
      "sigma_ref": 0.6102708870293219,
      "large_error": 0.5599972196995515,
      "recovering": 0.0,
      "upward_trend": 0.9831699541177246,
      "high_vol": 1.0,
      "high_intensity": 1.0
    },
    "outputs": {
      "overall_adjust_scale": 0.7769867366533256,
      "stability_bias": 0.6303083259768214,
      "per_param_gain": {
        "印刷压力": 1.0418592261267017,
        "印刷高度偏移": 0.9764079417795136,
        "刮刀高度偏移": 0.8929641620782913
      }
    },
    "rules": [
      "误差偏大且湿重仍在上升，适度放大主导参数动作。",
      "近期波动偏高，整体降权并增加稳态偏置。"
    ]
  },
  "fuzzy_rule_trace_rows": [
    {
      "param": "印刷压力",
      "dominance": 0.8215742334665735,
      "stability_score": 0.6274872769214754,
      "per_param_gain": 1.0418592261267017,
      "overall_adjust_scale": 0.7769867366533256,
      "stability_bias": 0.6303083259768214,
      "large_error": 0.5599972196995515,
      "upward_trend": 0.9831699541177246,
      "recovering": 0.0,
      "high_vol": 1.0,
      "scene_risk": 0.4015416298841069
    },
    {
      "param": "印刷高度偏移",
      "dominance": 0.0,
      "stability_score": 1.0,
      "per_param_gain": 0.9764079417795136,
      "overall_adjust_scale": 0.7769867366533256,
      "stability_bias": 0.6303083259768214,
      "large_error": 0.5599972196995515,
      "upward_trend": 0.9831699541177246,
      "recovering": 0.0,
      "high_vol": 1.0,
      "scene_risk": 0.4015416298841069
    },
    {
      "param": "刮刀高度偏移",
      "dominance": 0.17842576653342643,
      "stability_score": 0.37655386020064574,
      "per_param_gain": 0.8929641620782913,
      "overall_adjust_scale": 0.7769867366533256,
      "stability_bias": 0.6303083259768214,
      "large_error": 0.5599972196995515,
      "upward_trend": 0.9831699541177246,
      "recovering": 0.0,
      "high_vol": 1.0,
      "scene_risk": 0.4015416298841069
    }
  ]
}