{
  "latest_time": "2025-12-31 20:13:13",
  "latest_scene": "刮刀高度_上=30.300-30.400 | 刮刀高度_下=34.300-34.400 | 墨刀高度_上=32.300 | 墨刀高度_下=37.200 | life=网版寿命=269146-549027",
  "latest_coarse_scene": "刮刀高度_上=30.300-30.400 | 刮刀高度_下=34.300-34.400 | 墨刀高度_上=32.300 | 墨刀高度_下=37.200",
  "current_wet_weight": 29.3,
  "target_wet_weight": 28.616500000000002,
  "target_wet_stable": 28.9,
  "target_wet_trend": 28.270000000000003,
  "target_wet_final": 28.616500000000002,
  "target_alpha": 0.55,
  "target_recent_vol": 0.6904538584237504,
  "target_recent_count": 70,
  "target_method": "dual_target",
  "required_reduction": 0.6834999999999987,
  "joint_recommendation": {
    "结论来源场景": "刮刀高度_上=30.300-30.400 | 刮刀高度_下=34.300-34.400 | 墨刀高度_上=32.300 | 墨刀高度_下=37.200 | life=网版寿命=269146-549027",
    "joint_samples": 39,
    "joint_model_r2": 0.2699243093016238,
    "required_reduction": 0.6834999999999987,
    "scale_factor": 1.6640198684703926,
    "use_weighted_scale": true,
    "weight_mode": "dynamic",
    "weight_source": "scene_fine_key",
    "configured_joint_weights": {
      "印刷压力": 1.0,
      "印刷高度偏移": 1.0,
      "刮刀高度偏移": 1.0
    },
    "joint_weights": {
      "印刷压力": 1.4,
      "印刷高度偏移": 0.6,
      "刮刀高度偏移": 0.6003018694290739
    },
    "预计总降幅(线性近似)": 0.7731327806828288,
    "组合调参": [
      {
        "参数": "印刷压力",
        "当前值": 60.0,
        "建议方向": "减小",
        "基础步长": 8.0,
        "线性系数": 0.03408194472811568,
        "单步预计降幅(线性近似)": 0.27265555782492545,
        "参数权重": 1.4,
        "权重来源": "scene_fine_key",
        "effect_score": 0.27265555782492545,
        "confidence_score": 0.1732563724082761,
        "hit_score": 0.875,
        "room_score": 1.2,
        "stability_score": 0.6274872769214754,
        "加权后建议变化量": 18.637022526868396,
        "加权后建议新值": 41.36297747313161,
        "建议变化量": 18.637022526868396,
        "建议新值": 41.36297747313161,
        "预计降幅贡献(线性近似)": 0.6351859716573756
      },
      {
        "参数": "印刷高度偏移",
        "当前值": 2.4,
        "建议方向": "保持",
        "基础步长": 0.0,
        "线性系数": 0.027804224298519545,
        "单步预计降幅(线性近似)": 0.0,
        "参数权重": 0.6,
        "权重来源": "scene_fine_key",
        "effect_score": 0.0,
        "confidence_score": 0.0,
        "hit_score": 0.75,
        "room_score": 1.0,
        "stability_score": 1.0,
        "加权后建议变化量": 0.0,
        "加权后建议新值": 2.4,
        "建议变化量": 0.0,
        "建议新值": 2.4,
        "预计降幅贡献(线性近似)": 0.0
      },
      {
        "参数": "刮刀高度偏移",
        "当前值": 1.3,
        "建议方向": "减小",
        "基础步长": 0.16999999999999993,
        "线性系数": 0.8123338191433502,
        "单步预计降幅(线性近似)": 0.1380967492543695,
        "参数权重": 0.6003018694290739,
        "权重来源": "scene_fine_key",
        "effect_score": 0.1380967492543695,
        "confidence_score": 0.14972706733557017,
        "hit_score": 0.8333333333333333,
        "room_score": 1.2,
        "stability_score": 0.37655386020064574,
        "加权后建议变化量": 0.16981542042768266,
        "加权后建议新值": 1.1301845795723173,
        "建议变化量": 0.16981542042768266,
        "建议新值": 1.1301845795723173,
        "预计降幅贡献(线性近似)": 0.13794680902545317
      }
    ]
  },
  "recommendations": [
    {
      "参数": "印刷压力",
      "当前值": 60.0,
      "建议方向": "减小",
      "建议变化量": 14.0,
      "建议新值": 46.0,
      "基于历史斜率预计降幅": 0.4682037037037028,
      "历史单位斜率": 0.03344312169312163,
      "样本数": 30,
      "结论来源场景": "刮刀高度_上=30.300-30.400 | 刮刀高度_下=34.300-34.400 | 墨刀高度_上=32.300 | 墨刀高度_下=37.200 | life=网版寿命=269146-549027"
    }
  ]
}